{
  "name": "Monitoring Alert",
  "form": "2914f7f5-56bd-4857-954b-70afabff5776",
  "blocks": [
    {
      "id": "c478002e-9619-463b-8b25-e9d67f1c4396",
      "label": "Acknowledge",
      "environment": "HOSTED",
      "presentation": "{}",
      "step": "4bbad9dc-fcf9-425a-8afc-98b21dfd407c",
      "stepType": "INTEGRATION"
    },
    {
      "id": "f78653b9-3485-4b1b-b2b2-56ab6a5e5c72",
      "label": "Create Event - Monitoring Alert",
      "environment": "HOSTED",
      "presentation": "{\"w\":60,\"x\":440,\"h\":60,\"y\":340}",
      "step": "2914f7f5-56bd-4857-954b-70afabff5776",
      "stepType": "CREATE_EVENT",
      "inputMappings": [
        {
          "inputPort": "input",
          "mapping": "${d8a0ed1d-d272-41f7-9b42-beb0772ce2c3.json}",
          "sectionItemKey": "be39ee68-d426-404a-9375-40ed9c82cbc8"
        },
        {
          "inputPort": "input",
          "mapping": "ipugh",
          "sectionItemKey": "recipients"
        },
        {
          "inputPort": "input",
          "mapping": "${d8a0ed1d-d272-41f7-9b42-beb0772ce2c3.id}",
          "sectionItemKey": "648b4dc1-4542-4eda-b4fc-cbf9830071c5"
        },
        {
          "inputPort": "input",
          "mapping": "${d8a0ed1d-d272-41f7-9b42-beb0772ce2c3.description}",
          "sectionItemKey": "a98a3ee7-f214-401b-8efd-3bad948a9e00"
        },
        {
          "inputPort": "input",
          "mapping": "${d8a0ed1d-d272-41f7-9b42-beb0772ce2c3.timestamp}",
          "sectionItemKey": "406d9c4f-4b2f-4349-b674-1ff96078e776"
        },
        {
          "inputPort": "input",
          "mapping": "${d8a0ed1d-d272-41f7-9b42-beb0772ce2c3.body}",
          "sectionItemKey": "ee054bee-b909-4f9f-9505-ad648ec70b6f"
        },
        {
          "inputPort": "input",
          "mapping": "${d8a0ed1d-d272-41f7-9b42-beb0772ce2c3.subject}",
          "sectionItemKey": "068517f8-d327-49f5-b157-0fce87e72184"
        }
      ]
    },
    {
      "id": "f09a6b74-5e82-4c30-9ce4-520f29fd7ce8",
      "label": "Escalate",
      "environment": "HOSTED",
      "presentation": "{}",
      "step": "7cfeb504-fd0c-4773-a219-a7684b1aff11",
      "stepType": "INTEGRATION"
    },
    {
      "id": "9d4a8587-5b4b-475c-8eec-4fcf4f4e9b4c",
      "label": "Get Events",
      "environment": "HOSTED",
      "presentation": "{\"w\":60,\"x\":440,\"h\":60,\"y\":190}",
      "step": "f36cf6ba-2225-5cb3-831f-030a05527c72",
      "stepType": "SCRIPT_STEP",
      "inputMappings": [
        {
          "inputPort": "input",
          "mapping": "id#en",
          "stepInput": "72cd05cc-dfe2-5933-b85c-edcf1df9f56f"
        },
        {
          "inputPort": "input",
          "mapping": "${d8a0ed1d-d272-41f7-9b42-beb0772ce2c3.id}",
          "stepInput": "b58893a5-ffaf-502d-982b-613dcd7b2232"
        },
        {
          "inputPort": "input",
          "mapping": "TRUE",
          "stepInput": "3bb89cc9-b89f-5291-9c54-1da7bc6c051a"
        },
        {
          "inputPort": "input",
          "mapping": "Monitoring Alert",
          "stepInput": "a6262279-d10d-5708-a7b9-1734f8c52ec2"
        }
      ]
    },
    {
      "id": "d8a0ed1d-d272-41f7-9b42-beb0772ce2c3",
      "label": "Monitoring Alert - Inbound from Sysdig",
      "environment": "HOSTED",
      "presentation": "{\"w\":60,\"x\":0,\"h\":60,\"y\":40}",
      "step": "0fd2cdf0-0b93-47f8-85f6-24d336dea886",
      "stepType": "INTEGRATION"
    },
    {
      "id": "58144e00-f66c-4d13-82f1-ee2082d4721b",
      "label": "Responses",
      "environment": "HOSTED",
      "presentation": "{\"w\":100,\"x\":0,\"h\":50,\"y\":723}",
      "stepType": "RESPONSES"
    },
    {
      "id": "812ccf3c-36e5-487f-bb7c-3031289f1d48",
      "label": "Switch",
      "environment": "HOSTED",
      "presentation": "{\"w\":60,\"x\":660,\"h\":60,\"y\":205}",
      "stepType": "SWITCH",
      "inputMappings": [
        {
          "inputPort": "input",
          "mapping": "${9d4a8587-5b4b-475c-8eec-4fcf4f4e9b4c.Number of Event IDs Returned}"
        }
      ],
      "switchCases": [
        {
          "caseId": "467fd607-9099-4278-ac82-1dd787165fdd",
          "caseValue": "0"
        }
      ]
    },
    {
      "id": "3a410294-2e7b-46da-b898-577ba0ab12f0",
      "label": "Switch",
      "environment": "HOSTED",
      "presentation": "{\"w\":60,\"x\":220,\"h\":60,\"y\":55}",
      "stepType": "SWITCH",
      "inputMappings": [
        {
          "inputPort": "input",
          "mapping": "${d8a0ed1d-d272-41f7-9b42-beb0772ce2c3.resolved}"
        }
      ],
      "switchCases": [
        {
          "caseId": "80d9b446-a6bf-4cf5-b34b-2f58a18c1709",
          "caseValue": "true"
        }
      ]
    },
    {
      "id": "3d1192a0-6b53-4f86-a1cc-57332c324e91",
      "endpoint": "Sysdig",
      "label": "Sysdig - Acknowledge Alert",
      "environment": "HOSTED",
      "presentation": "{\"w\":60,\"x\":220,\"h\":60,\"y\":880}",
      "step": "fa00e58f-f137-4fe8-bad7-0b02db1b6b65",
      "stepType": "SCRIPT_STEP",
      "inputMappings": [
        {
          "inputPort": "input",
          "mapping": "${constants.Sysdig API Token}",
          "stepInput": "c9f159b1-c423-4c70-80bf-7ac32132d250"
        },
        {
          "inputPort": "input",
          "mapping": "${event.properties.timestamp}",
          "stepInput": "387239d9-c82b-417d-9b24-02440b231c47"
        }
      ]
    },
    {
      "id": "cd1f0dfc-02d9-4d33-a5d0-621e3bd954f0",
      "label": "Terminate Events",
      "environment": "HOSTED",
      "presentation": "{\"w\":60,\"x\":880,\"h\":60,\"y\":490}",
      "step": "798e3053-b4b4-5e8c-ba84-8a11c3be6237",
      "stepType": "SCRIPT_STEP",
      "inputMappings": [
        {
          "inputPort": "input",
          "mapping": "${9d4a8587-5b4b-475c-8eec-4fcf4f4e9b4c.Event IDs}",
          "stepInput": "4fdf2591-4925-5682-8911-f0163d7f98dd"
        }
      ]
    }
  ],
  "edges": [
    {
      "fromBlock": "812ccf3c-36e5-487f-bb7c-3031289f1d48",
      "fromPort": "output",
      "toBlock": "cd1f0dfc-02d9-4d33-a5d0-621e3bd954f0",
      "toPort": "input"
    },
    {
      "fromBlock": "9d4a8587-5b4b-475c-8eec-4fcf4f4e9b4c",
      "fromPort": "output",
      "toBlock": "812ccf3c-36e5-487f-bb7c-3031289f1d48",
      "toPort": "input"
    },
    {
      "fromBlock": "c478002e-9619-463b-8b25-e9d67f1c4396",
      "fromPort": "output",
      "toBlock": "3d1192a0-6b53-4f86-a1cc-57332c324e91",
      "toPort": "input"
    },
    {
      "fromBlock": "d8a0ed1d-d272-41f7-9b42-beb0772ce2c3",
      "fromPort": "output",
      "toBlock": "3a410294-2e7b-46da-b898-577ba0ab12f0",
      "toPort": "input"
    },
    {
      "fromBlock": "3a410294-2e7b-46da-b898-577ba0ab12f0",
      "fromPort": "80d9b446-a6bf-4cf5-b34b-2f58a18c1709",
      "toBlock": "9d4a8587-5b4b-475c-8eec-4fcf4f4e9b4c",
      "toPort": "input"
    },
    {
      "fromBlock": "3a410294-2e7b-46da-b898-577ba0ab12f0",
      "fromPort": "output",
      "toBlock": "f78653b9-3485-4b1b-b2b2-56ab6a5e5c72",
      "toPort": "input"
    }
  ]
}