{
  "integrations": [
    {
      "id": "4bbad9dc-fcf9-425a-8afc-98b21dfd407c",
      "name": "Monitoring Alert - Acknowledge",
      "action": "RUN_SCRIPT",
      "type": "OUTBOUND_WEBHOOK",
      "triggeredBy": "RESPONSE",
      "responseChoice": "Acknowledge",
      "deployed": true,
      "form": "2914f7f5-56bd-4857-954b-70afabff5776",
      "environment": "HOSTED",
      "authType": "NONE",
      "createdBy": "FLOW"
    },
    {
      "id": "7cfeb504-fd0c-4773-a219-a7684b1aff11",
      "name": "Monitoring Alert - Escalate",
      "action": "RUN_SCRIPT",
      "type": "OUTBOUND_WEBHOOK",
      "triggeredBy": "RESPONSE",
      "responseChoice": "Escalate",
      "deployed": true,
      "form": "2914f7f5-56bd-4857-954b-70afabff5776",
      "environment": "HOSTED",
      "authType": "NONE",
      "createdBy": "FLOW"
    },
    {
      "id": "0fd2cdf0-0b93-47f8-85f6-24d336dea886",
      "name": "Monitoring Alert - Inbound from Sysdig",
      "action": "RUN_SCRIPT",
      "type": "INBOUND_WEBHOOK",
      "deployed": true,
      "form": "2914f7f5-56bd-4857-954b-70afabff5776",
      "environment": "HOSTED",
      "authType": "URL",
      "createdBy": "FLOW",
      "integrationScriptStepUuid": "605814c4-ae8c-40b5-88db-9e41f6180593"
    }
  ],
  "endpoints": [
    {
      "name": "Sysdig",
      "baseUrl": "https://app.sysdigcloud.com/api",
      "type": "EXTERNAL",
      "authentication": "NO_AUTH"
    }
  ],
  "constants": [
    {
      "name": "Sysdig API Token",
      "value": "<API TOKEN>",
      "description": "API Token from sysdig. Found by going to https://app.sysdigcloud.com/#/settings/user"
    }
  ]
}