[
  {
    "id": "605814c4-ae8c-40b5-88db-9e41f6180593",
    "name": "Inbound from Sysdig",
    "description": "",
    "icon": "https://s3-xmatters-static.s3.amazonaws.com/null/customers/aa4ff4cd-06da-460c-b2d0-bb34ad66da69/IMAGE__20200715165451002__sysdig.png",
    "script": "body = JSON.parse(request.body);\nconsole.log(body);\n\noutput['json'] = body;\noutput['subject'] = body.alert.subject;\noutput['description'] = body.alert.description;\noutput['body'] = body.alert.body;\noutput['resolved'] = body.resolved;\noutput['id'] = body.event.id;\ntimestamp = body.timestamp.toString();\noutput['timestamp'] = timestamp.substring(0, timestamp.length-3);",
    "allowedEnvironment": "HOSTED",
    "accessibleByAll": "NotShared",
    "triggerAuthType": "URL_AUTH",
    "scriptStepType": "CUSTOM_HTTP",
    "inputs": [],
    "outputs": [
      {
        "id": "dd3853d8-cff9-44b2-a134-f7b9da1d5c29",
        "name": "json",
        "position": 0
      },
      {
        "id": "a3f12076-15b5-4e32-89fd-87de21d2fd11",
        "name": "subject",
        "position": 1
      },
      {
        "id": "8c211c98-a9bb-4631-a3d7-26ecbc8ed1e5",
        "name": "description",
        "position": 2
      },
      {
        "id": "e4b98d34-ddf7-4fc8-ad65-67ca23a71962",
        "name": "body",
        "position": 3
      },
      {
        "id": "09bcb0f4-31ac-484f-8f31-86857e033e3a",
        "name": "resolved",
        "position": 4
      },
      {
        "id": "eff03069-be84-4b03-9425-cc55fdb34b45",
        "name": "id",
        "position": 5
      },
      {
        "id": "2b8dfce5-64ea-4a5f-b146-a6ed266c8b86",
        "name": "timestamp",
        "position": 6
      }
    ],
    "libraries": []
  },
  {
    "id": "fa00e58f-f137-4fe8-bad7-0b02db1b6b65",
    "name": "Sysdig - Acknowledge Alert",
    "description": "",
    "icon": "https://s3-xmatters-static.s3.amazonaws.com/null/customers/aa4ff4cd-06da-460c-b2d0-bb34ad66da69/IMAGE__20200715165451002__sysdig.png",
    "script": "var timestamp = input['Timestamp']\n\nvar getEvents = http.request({\n    'endpoint': 'Sysdig',\n    'path': '/v2/events?feed=true',\n    'method': 'GET',\n    'headers': {\n        'Authorization': \"Bearer \" + input['API Token']\n    }\n});\n\nvar apiResponse = getEvents.write();\n\nif (apiResponse.statusCode < 200 || apiResponse.statusCode >= 300) {\n    throw \"Unable to get events\";\n}\n\nresponseBody = JSON.parse(apiResponse.body)\nevents = responseBody.events;\n\nvar found = {};\n\nfor (var i = 0; i < events.length; i++) {\n    if (events[i].timestamp == timestamp) {\n        found = events[i];\n        break;\n    }\n}\n\n\nvar apiRequest = http.request({\n    'endpoint': 'Sysdig',\n    'path': '/v2/events/' + found.id,\n    'method': 'PATCH',\n    'headers': {\n        'Authorization': \"Bearer \" + input['API Token']\n    }\n});\n\nvar requestBody = {\n    event: {\n        id: found.id,\n        resolution: \"ACKNOWLEDGED\"\n    }\n}\n\nvar apiResponse = apiRequest.write(requestBody);\nif (apiResponse.statusCode == 200) {\n    var body = JSON.parse(apiResponse.body);\n    console.log(body);\n}\n ",
    "endpointLabel": "Sysdig",
    "allowedEnvironment": "HOSTED",
    "accessibleByAll": "NotShared",
    "scriptStepType": "USER",
    "inputs": [
      {
        "id": "c9f159b1-c423-4c70-80bf-7ac32132d250",
        "name": "API Token",
        "helpText": "Sysdig API Token. Found at: https://app.sysdigcloud.com/#/settings/user",
        "defaultValue": "",
        "multiline": false,
        "required": false,
        "maxLength": 2000,
        "minLength": 0,
        "position": 0
      },
      {
        "id": "387239d9-c82b-417d-9b24-02440b231c47",
        "name": "Timestamp",
        "helpText": "Timestamp of the event to acknowledge",
        "defaultValue": "",
        "multiline": false,
        "required": false,
        "maxLength": 2000,
        "minLength": 0,
        "position": 1
      }
    ],
    "outputs": [],
    "libraries": []
  }
]